,Hindi,English,Hinglish,English_Part,To_Translate,Translated
0,थोड़ा सा मुझे डर लग रहा है यू नो वई ये,A little I'm afraid of UI No and I'm sorry.,A little I'm afraid of UI No and मैं माफी चाहता हूँ.,A little I'm afraid of UI No and,I'm sorry.,मैं माफी चाहता हूँ.
1,टीवी मैं ऐसा छोड़ के नहीं गया था रूम में,TV I didn't have to leave in the room,TV I didn't have to leave in the कमरा,TV I didn't have to leave in the,room,कमरा
2,ये मैं तो नहीं करके गया था मेरे रूम में,He didn't do it in my roommate,He didn't do it in my रूमी,He didn't do it in my,roommate,रूमी
3,कौन आया भाई तो डर लग रहा है बैक टू द,"Who came, really scared, back to the back?","Who came, really scared, back to the वापस?","Who came, really scared, back to the",back?,वापस?
4,ब्लॉग सुबहसुबह उठ के मैं कार्डियो कराया,Blog rose early in the morning and introduced me to the cards,Blog rose early in the morning and introduced me to the कार्ड,Blog rose early in the morning and introduced me to the,cards,कार्ड
5,था जिम चला गया था मैं  बजे उठ गया,Jim was gone I got up at noon,Jim was gone I got up at दोपहर,Jim was gone I got up at,noon,दोपहर
6,मैं सुबह उठ के सूरज देखा मैंने कहा था,"I saw the sun rising in the morning, I said","I saw the sun rising in the morning, I ने कहा","I saw the sun rising in the morning, I",said,ने कहा
7,भाई सूरज देखा करो सूरज देवता को देखा और,"See the sun, and see the sun,","See the sun, and see the सूर्य,","See the sun, and see the","sun,","सूर्य,"
8,फिर जिम चला गया मैं जिम से आके काडियो,Jim's gone I've left the video of AKo from Jim.,Jim's gone I've left the video of AKo from जिम.,Jim's gone I've left the video of AKo from,Jim.,जिम.
9,आडियो किया फिर आके थोड़ा सा अपना कामम,Idea and then a bit of your work,Idea and then a bit of your कार्य,Idea and then a bit of your,work,कार्य
10,देखा एंड देन दे केम टू माय रूम एंड देन,Look and give me a gift,Look and give me a उपहार,Look and give me a,gift,उपहार
11,वी डिड द कोल्ड थेरेपी भाई ठंडे पानी में,Vid de Colilent brother in cool water,Vid de Colilent brother in ठंडा पानी,Vid de Colilent brother in,cool water,ठंडा पानी
12,गरम फ डालने में फट ले द भाई एक मिनट तक,For a minute it bursts in hot fins.,For a minute it bursts in गर्म fins.,For a minute it bursts in,hot fins.,गर्म fins.
13,बहुत दर्द होता है फिर तो मैं अपने आप को,If there's too much pain then I myself,If there's too much pain then I myself ,If there's too much pain then I myself,,
14,कहीं इंगेज कर लेता हूं भगवान का नाम लेता,Inge I use the name of God,Inge I use the name of परमेश्‍वर,Inge I use the name of,God,परमेश्‍वर
15,हूं मतलब बहुत लेकिन सुन आता गलब सो नाउ,I mean a lot but a hypnot sono,I mean a lot but a द्वैधाइनोन,I mean a lot but a,hypnot sono,द्वैधाइनोन
16,वी आर डूइंग ब्रेकफास्ट जब मैं यहां पे,We're on our way here when I get here.,We're on our way here when I यहाँ आओ.,We're on our way here when I,get here.,यहाँ आओ.
17,हूं मुझे वही खाना है जो ये लोग दे रहे,I have only the food which they eat.,I have only the food which they खाओ.,I have only the food which they,eat.,खाओ.
18,हैं दे आर गिविंग मी बेरीज ये ग्रीन जाइंट,Ring de Ringh Bervige - Green to the Green Intint,Ring de Ringh Bervige - Green to the हरा इनफिनिट,Ring de Ringh Bervige - Green to the,Green Intint,हरा इनफिनिट
19,ग्रीन जूस है जिसमें कि बोलते हैं कि भाई,"Green Jess, in which the brothers say that","Green Jess, in which the brothers say that ","Green Jess, in which the brothers say that",,
20,सब्जियों का राजा होता ही है और ये गोको,"As for the king of the host, it is Gocoh.","As for the king of the host, it is गोको.","As for the king of the host, it is",Gocoh.,गोको.
21,मोली इसके बाद मुझे खाने को दिया गया है,I've been given to eat after this,I've been given to eat after this ,I've been given to eat after this,,
22,लेटल डोसा एंड एक कॉफी मैंने मंगा ली मुझे,Letat Dons and a coffee I got.,Letat Dons and a coffee I मिल गया.,Letat Dons and a coffee I,got.,मिल गया.
23,दी नहीं गई थी मैंने मंगा ली मैंने कहा,I didn't get asked if I told you,I didn't get asked if I told you ,I didn't get asked if I told you,,
24,भाई ये दे दो प्लीज ए फ्यू मोमेंट्स लेटर,Brother Give it to you please AFFF Mottors,Brother Give it to you कृपया AFFFMOrer,Brother Give it to you,please AFFF Mottors,कृपया AFFFMOrer
25,वी आर बैक फॉर डे नंबर टू एट आईब सेंटर,V Back for A Day Number To An Ib Center,V Back for A Day Number To An आईबी केंद्र,V Back for A Day Number To An,Ib Center,आईबी केंद्र
26,एंड टुडे वी आर स्टार्टिंग विद योगा वी,And today V R Starting Texting V.,And वी. वी.,And,today V R Starting Texting V.,वी. वी.
27,विल बी यूजिंग थ्री टेक्नोलॉजीज हाई फम आर,Will Bjing Three Technicology High R.,Will तीन टेकनीलॉज़ी उच्च आर.,Will,Bjing Three Technicology High R.,तीन टेकनीलॉज़ी उच्च आर.
28,एफ एंड ईम एस इट विल स्ट्रेंथ एन योर कोर,F and Im S. It's Wilthen Ner,F and Im S. It's विल्नन नेन,F and Im S. It's,Wilthen Ner,विल्नन नेन
29,मसल्स ओके टू रिड्यूस योर लाइक विसरल,issues okay to Randaus Yurberger Wit lighten,issues okay to रैंड ब्लॉर्जर विट बिजली,issues okay to,Randaus Yurberger Wit lighten,रैंड ब्लॉर्जर विट बिजली
30,फैट स्टार्ट करने आ रहे योगा एंड सर,The success and sir is coming to Start.,The success and sir is coming to प्रारंभ.,The success and sir is coming to,Start.,प्रारंभ.
31,कराएंगे,We'll make it.,We'll make it. ,We'll make it.,,
32,गा स्लश स्ट्रेचिंग इज डन थैंक यू सो मच,Gash Slush Extensive Praise U.S.A.,Gash Slush Extensive Praise U.S.A. ,Gash Slush Extensive Praise U.S.A.,,
33,सर ही हैज डन एन अमेजिंग जॉब ऑन माय बॉडी,Sir Haz Dun en Aming Work on the Family Body,Sir Haz Dun en Aming Work on the परिवार,Sir Haz Dun en Aming Work on the,Family Body,परिवार
34,मतलब एक एक पू जक होल लिया ओके नाउ वी आर,I mean a Pute-Enel took the OK Naau Via Via,I mean a Pute-Enel took the ठीक है नाउउ द्वारा,I mean a Pute-Enel took the,OK Naau Via Via,ठीक है नाउउ द्वारा
35,डूइंग द स्कल्प मशीन दिस मशीन विल सिमुले,Dora de S. S. R. L. R. L. L.B. machine,Dora de S. S. R. L. R. L. L.B. machine ,Dora de S. S. R. L. R. L. L.B. machine,,
36,द म इट विल स्टीमुलेट योर एब्डोमिनल मसल्स,The MITITIE Will Steamumumumumumumum issues,The MITITIE Will दिमममममम प्रकारम अंक,The MITITIE Will,Steamumumumumumumum issues,दिमममममम प्रकारम अंक
37,इट्स इक्वल टू  सिट अपस रियली या सो,Italian Equisitic Tourism or Soar,Italian Equisitic Tourism or सोर,Italian Equisitic Tourism or,Soar,सोर
38,नो नीड टू गो टू जिम विल ग या इट विल गिव,Noied to Go to Jim Willy G or It Willva,Noied to Go to Jim Willy G or It विलवा,Noied to Go to Jim Willy G or It,Willva,विलवा
39,लॉन्ग बैक आई हैव रेड वन स्टडी ओके दैट,Long Back Ive Red Forest Study OK,Long Back Ive Red Forest Study OK ,Long Back Ive Red Forest Study OK,,
40,इलेक्ट्रिकल इंपल्स कैन आल्सो,Electric Integration Cain Atheo,Electric Integration Cain Atheo ,Electric Integration Cain Atheo,,
41,स्टिमुलेटिंग योर स्किन ओके सो इट्स,Stimulting Yer's OK Sols,Stimulting Yer's OK Sols ,Stimulting Yer's OK Sols,,
42,हैविंग थ्री टेक्नोलॉजीज यू शुड,Hypnotic High Technicy,Hypnotic High Technicy ,Hypnotic High Technicy,,
43,संगीत,Music,Music ,Music,,
44,लाडन सो दिस इज माय नेक्स्ट एक्सरसाइज,Laden SoB,Laden SoB ,Laden SoB,,
45,मेरे टांग इन्होंने टांग दिए ये जो आपको,Give my legs to that which you have.,Give my legs to that which you है.,Give my legs to that which you,have.,है.
46,दिख रहा है ये डंडा निकला हुआ पहले ये ऊपर,You see this stick up before it gets through.,You see this stick up before it के माध्यम से हो जाता है.,You see this stick up before it,gets through.,के माध्यम से हो जाता है.
47,था तो अभी नीचे कर दिया फिर आई थिंक अभी,It was just down then Idin's right now,It was just down then Idin's right now ,It was just down then Idin's right now,,
48,फिर नीचे करेंगे ऐसे करते करते पूरा नीचे,Then we'll do it down there.,Then we'll do it down वहाँ.,Then we'll do it down,there.,वहाँ.
49,जाएगा दिस इज कॉल्ड द एर्गन टावर अभी सुबह,It will be calling the FECH (Ergon Tower right now in the morning),It will be calling the FECH (Ergon Tower right now in the सुबह,It will be calling the FECH (Ergon Tower right now in the,morning),सुबह
50,से स्ट्रेचेज कर थे उसम फा दी दो बार,Turned that hair off twice,Turned that hair off दो बार,Turned that hair off,twice,दो बार
51,स्ट्रेचिंग करा द इज वेरी इजी बट कह रहे,Bounce the EGUGE VAGEY OF THE EVAGEGEY,Bounce the EGUGE VAGEY OF THE ई. वी.,Bounce the EGUGE VAGEY OF THE,EVAGEGEY,ई. वी.
52,हैं कि इससे फायदा होगा दिख नहीं रहा कि,He doesn't see that it will benefit.,He doesn't see that it will लाभ.,He doesn't see that it will,benefit.,लाभ.
53,होगा क्योंकि बहुत इजी लग रहा है कंपेयर,"Because there's been too old to be checked, checker.","Because there's been too old to be चेक किया गया, चेकर.",Because there's been too old to be,"checked, checker.","चेक किया गया, चेकर."
54,टू व्हाट वी हैव डन इन द मॉर्निंग कुछ,To Whaat VHEN IN THE morning something,To Whaat VHEN IN THE सुबह कुछ,To Whaat VHEN IN THE,morning something,सुबह कुछ
55,नहीं मतलब जैसे आप बस बिस्तर प लेटे पैर,I don't mean you just sleep on bed.,I don't mean you just sleep on बिस्तर.,I don't mean you just sleep on,bed.,बिस्तर.
56,ऊपर करके लेटे हुए मजे कर रहे हैं देखो,"Look, they're having fun sleeping on top.","Look, they're having fun sleeping on ऊपर.","Look, they're having fun sleeping on",top.,ऊपर.
57,मतलब जिंदगी हो तो ऐसे हो प्री लंच सेशन,Meaning life if there's a pre-empanation,Meaning life if there's a प्री- डिज़ाइन,Meaning life if there's a,pre-empanation,प्री- डिज़ाइन
58,ऑफ डे नंबर टू इज कंप्लीट अभी होटल जा रहे,Go to the hotel right now,Go to the hotel right now ,Go to the hotel right now,,
59,हैं तो होटल और सेंटर बहुत प्रेस होटल और,So there are a lot of press hotels and hotels.,So there are a lot of press hotels and होटल.,So there are a lot of press hotels and,hotels.,होटल.
60,सेंटर पीछे सो वी कीप वकिंग स्टेप्स भी,Even vcaping steps behind the center,Even vcaping steps behind the केंद्रित,Even vcaping steps behind the,center,केंद्रित
61,पूरे आते दिन के हमारे लंच टाइम आज बहुत,Our lunch time for the whole day is very much,Our lunch time for the whole day is very बहुत,Our lunch time for the whole day is very,much,बहुत
62,ज्यादा लंच बनाया मैं वैरायटी बहुत ज्यादा,I made more lunch,I made more दोपहर का भोजन,I made more,lunch,दोपहर का भोजन
63,है आज क्या बात है पार्टी है क्या यहां पे,What's the party here today?,What's the party here आज?,What's the party here,today?,आज?
64,सामने निश्चय अभी इसने दो इंजेक्शन लगवाए,"In front of him, he must take two injections.","In front of him, he दो इंजेक्शन लेना चाहिए.","In front of him, he",must take two injections.,दो इंजेक्शन लेना चाहिए.
65,कंटेंट के इसको कंटेंट नहीं आ रहा था,The amount of the agreement wasn't coming.,The amount of the agreement wasn't आ रहा है।,The amount of the agreement wasn't,coming.,आ रहा है।
66,दिमाग में कहता इंजेक्शन लगाओ कंटेंट वाला,Hit the injection in the brain,Hit the injection in the मस्तिष्क,Hit the injection in the,brain,मस्तिष्क
67,अच्छा कंटेंट आए दिमाग में अच्छे वीडियो,Good Video on Good Contamination,Good Video on खुशी - खुशी,Good Video on,Good Contamination,खुशी - खुशी
68,बनाऊ मैं निश्चय आल्सो हियर यार मेरे को,I'm sure Altossioli to me.,I'm sure Altossioli to मुझे.,I'm sure Altossioli to,me.,मुझे.
69,रिकॉर्ड भी कि इंजेक्शन लग नहीं वो नहीं,Not even a record that won't get injections,Not even a record that won't इन्जेक्शन्स,Not even a record that won't,get injections,इन्जेक्शन्स
70,किया वो नहीं किया भाई वो नहीं किया नहीं,He didn't do it. He didn't do it.,He didn't do it. He didn't do यह.,He didn't do it. He didn't do,it.,यह.
71,वो नहीं किया मैं खाना खा रहा जैसे ही ऊपर,He didn't eat as soon as I did.,He didn't eat as soon as I किया.,He didn't eat as soon as I,did.,किया.
72,देखा मूड खराब कर दिया सबसे घटिया काम ज,Look after mood corrupted the worst job.,Look after mood corrupted the सबसे बुरी नौकरी.,Look after mood corrupted the,worst job.,सबसे बुरी नौकरी.
73,आपकी चाबी ना चले,Your keys did not go away.,Your keys did not चले जाओ.,Your keys did not,go away.,चले जाओ.
74,नी गुस्सा अभी हमें निकलना है बाकी टेस्ट,The rest test we have to get out of anger now,The rest test we have to get out of anger now ,The rest test we have to get out of anger now,,
75,के लिए ईजीसीजी करानी है आधे घंटे का टाइम,It's half an hour's time for that.,It's half an hour's time for कि.,It's half an hour's time for,that.,कि.
76,दिया था ब्लॉग अपलोड नहीं किया आज दो दिन,The blog wasn't uploaded today two days,The blog wasn't आज अपलोड हो रहा है,The blog wasn't,uploaded today two days,आज अपलोड हो रहा है
77,से तो आफ्टर लंच पार्ट टू ऑफ अ डे वी आर,You're going to have a lunch part of the home of A. R. R.,You're going to have a lunch part of the home of आर.,You're going to have a lunch part of the home of,A. R. R.,आर.
78,बैक टू डू सम टेस्टिंग एक्सरे एक्सरे सीटी,Back to do D-Bus Testing Xreber CT,Back to do D- बस जाँच Xarber CT,Back to do,D-Bus Testing Xreber CT,D- बस जाँच Xarber CT
79,स्कैन अल्ट्रा साउंड एवरीथिंग तो लास्ट,Scansome sound epositing then Last,Scansome sound epositing then अंतिम,Scansome sound epositing then,Last,अंतिम
80,टाम मैंने सारा किया था बिकॉज मेडिकल था,"Tam I did, and I was a medical doctor","Tam I did, and I was a डॉक्टर","Tam I did, and I was a",medical doctor,डॉक्टर
81,मेरा पायलट वाला आई वांटेड टू रिन्यू माय,My pilot's iddling TOTO,My पायलट के आईडी TTO,My,pilot's iddling TOTO,पायलट के आईडी TTO
82,लाइसेंस जो कि इवेंचर हुआ नहीं आई थॉट आई,The license that was not found,The license that was not मिला,The license that was not,found,मिला
83,विल शेयर दैट स्टोरी वंस आई हो जाएगा पूरा,Will share millasses will be complete,Will share millasses will be पूर्ण,Will share millasses will be,complete,पूर्ण
84,बट वो हुआ ही नहीं और उसकी लंबी स्टोरी है,"Not equal is she, and hers is a long store.","Not equal is she, and hers is a लंबी दुकान.","Not equal is she, and hers is a",long store.,लंबी दुकान.
85,बट टुडे वी आर डूइंग दैट अगेन लास्ट यर सब,ROTOLOV ROOD ABEGE ARBERER,ROTOLOV ROOD ABEGE ARBERER ,ROTOLOV ROOD ABEGE ARBERER,,
86,कुछ नॉर्मल था इस यर देखते हैं कैसा रहेगा,See how some normal ones look at this secret.,See how some normal ones look at this गुप्त.,See how some normal ones look at this,secret.,गुप्त.
87,र डूइंग दिस सीटी स्कैम सब हो चुका है ये,This has been the result of the D-Bus call scisssing.,This has been the result of the डी- बस काल कैंसिंग.,This has been the result of the,D-Bus call scisssing.,डी- बस काल कैंसिंग.
88,बच्चा है और अल्ट्रा साउंड बचा ढाई लीटर,He's a baby and has two or five baths,He's a baby and has two or पांच स्नान,He's a baby and has two or,five baths,पांच स्नान
89,पानी पी चुके अभी ये बचा हुआ है और प्रेशर,Water has just saved it and pressure,Water has just saved it and दबाव,Water has just saved it and,pressure,दबाव
90,आ गया आ गया आ गया ओ मां कसम लाइडर में,I'm here! I swear to my mother.,I'm here! I swear to my माँ.,I'm here! I swear to my,mother.,माँ.
91,प्रेशर आ गया चलो मैशाल को बुलाते हैं सो,The pressure is coming so let's call Kolel.,The pressure is coming so कोल कॉल करते हैं.,The pressure is coming so,let's call Kolel.,कोल कॉल करते हैं.
92,अल्ट्रा साउंड तभी करते जब बड पूरा भरा,With audio sound only when full,With audio sound only when पूरा,With audio sound only when,full,पूरा
93,हुआ होता है भर चुका भयंकर तरीके से अब जब,Now when it's filled with awfulness,Now when it's filled with भयंकरता,Now when it's filled with,awfulness,भयंकरता
94,वरूम जाऊगा ना तो आधा घंटा लगा ल टेस्ट न,I'll go to bed for half an hour without test,I'll go to bed for half an जाँच किए बगैर घंटा,I'll go to bed for half an,hour without test,जाँच किए बगैर घंटा
95,वी आर गोइंग बैक थंक य सोचो बक टेस्ट की,Think of the screenshot screen,Think of the स्क्रीनशॉट स्क्रीन,Think of the,screenshot screen,स्क्रीनशॉट स्क्रीन
96,रिपोर्ट भी आ गई थोड़ी एक बची,There was also a few remaining reports,There was also a few शेष रिपोर्ट,There was also a few,remaining reports,शेष रिपोर्ट
97,है स्पेशल मशीन ू स्ट्रेंथ द बैक इसके लिए,This is special machine Baucth de Back for,This is special machine Baucth de Back for ,This is special machine Baucth de Back for,,
98,आया म मल्टी फरस,Mbarustra came,Mbarustra came ,Mbarustra came,,
99,संगीत,Music,Music ,Music,,
100,मल्स शवा स जस्ट वेरी गुड डिस्कशन विद हिम,Malts Body Charst Weavery Good Disk Spravation Snow,Malts Body Charst Weavery Good Disk Spravation Snow ,Malts Body Charst Weavery Good Disk Spravation Snow,,
101,ही टोल्ड मी अ लॉट ऑफ थिंग्स अबाउट माय,Sold Mie A Loot of the Things May,Sold Mie A Loot of the स्थिति मई,Sold Mie A Loot of the,Things May,स्थिति मई
102,बैक एंड वी आर गोइंग टू हैव सोना विथ आइस,Back and W W Wand to Gov gold Withal,Back and W W Wand to सोने की खान,Back and W W Wand to,Gov gold Withal,सोने की खान
103,कोल्ड शवर आई एम वेरी स्केड बट नो नीड टू,Cold Body IR MIVE SIVOR NUN NADED TO,Cold Body IR MIVE SIVOR NUN NADED TO ,Cold Body IR MIVE SIVOR NUN NADED TO,,
104,गेट स्कैट वी आर गोइंग टू गेट हिम कोल्ड,Gate Skat V Ring to Go to Gate Snow,Gate Skat V Ring to Go to गेट बरफबारी,Gate Skat V Ring to Go to,Gate Snow,गेट बरफबारी
105,एडप एंड हीट अडॉप्टेशन दिस साना विल,Adap and Hit Adoption,Adap and हिट एडया option,Adap and,Hit Adoption,हिट एडया option
106,इंप्रूव हिज ऑल कॉस्ट मोर्टालिटी एसीए बाय,Inuit Hung Healsall Morta Syed By By,Inuit Hung Healsall Morta Syed By By ,Inuit Hung Healsall Morta Syed By By,,
107,एंड हिज कार्डियक हेल्थ विल इंप्रूव,And HIZ CardO Health Will Invest,And HIZ CardO Health Will इनवेस्ट,And HIZ CardO Health Will,Invest,इनवेस्ट
108,बाय  द प्रोटोकॉल इज वीी आर गोइंग टू,Bye The Protocol Exceeding To,Bye The Protocol Exceeding To ,Bye The Protocol Exceeding To,,
109,स्पेंड  मिनट्स इन द साना व्हेन वी कम,Spinse minutes In The Sna Vahen V less,Spinse minutes In The सोना वेन वी कम,Spinse minutes In The,Sna Vahen V less,सोना वेन वी कम
110,बैक वी आर गोइंग टू पुट द कोल्ड एक्सट्रीम,Back v Randeto Put de Clind Exitum,Back v Randeto Put de Clind Exitum ,Back v Randeto Put de Clind Exitum,,
111,हीट टू एक्सट्रीम कोल्ड यस पुट द बॉडी इन,Helt to EposEEEEE EMPERIE EMPERIE,Helt to इंसाइट ऑन द स्क्रिप्चर्स,Helt to,EposEEEEE EMPERIE EMPERIE,इंसाइट ऑन द स्क्रिप्चर्स
112,द शॉक यस एंड द पर्सन आल्सो इट विल आल्सो,The Shawk Yas and The Watchtower,The Shawk Yas and The प्रहरीदुर्ग,The Shawk Yas and The,Watchtower,प्रहरीदुर्ग
113,डू हाउ ऑफ्टन शुड वी डू इट वंस अ वीक थ्री,Doha-Hinde Veded Do It What We Do About the Weeks Three,Doha-Hinde Veded Do It What We Do About the सप्ताह तीन,Doha-Hinde Veded Do It What We Do About the,Weeks Three,सप्ताह तीन
114,टाइम्स अ वीक यू हैव टू डू ऑल द स्टडीज,Times A Weekly U.S.A. U.A. To Do All Study,Times A Weekly U.S.A. U.A. To Do All अध्ययन,Times A Weekly U.S.A. U.A. To Do All,Study,अध्ययन
115,प्रूव दैट देयर इज नो इक्विवेलेंट टैबलेट,Prejuvent de laurere No Investitutions,Prejuvent de laurere No इनवेन्स,Prejuvent de laurere No,Investitutions,इनवेन्स
116,इन द वर्ल्ड लाइक साना प्लस मेरी येय फूड,These World Lunda plus my food,These World Lunda plus my भोजन,These World Lunda plus my,food,भोजन
117,टोलरेंस रिपोर्ट भी आ चुकी है तो जो जो,What's happened if the captain's reports are gone.,What's happened if the captain's reports are चले गए।,What's happened if the captain's reports are,gone.,चले गए।
118,मुझे अच्छा लगता है वो रेड में आ चुका है,I like he's come to Red,I like he's come to लाल,I like he's come to,Red,लाल
119,सर कह रहे हैं कि थोड़ी टाइम के लिए,"Sir, they say for a while.","Sir, they say for a कुछ समय.","Sir, they say for a",while.,कुछ समय.
120,छोड़ना पड़ेगा चावल पीज एंड जो जो मैं,We've got to leave rice Pig and what I've got.,We've got to leave rice Pig and what मैं मिल गया है.,We've got to leave rice Pig and what,I've got.,मैं मिल गया है.
121,नहीं खाता वो सब ग्रीन में आया बट इट विल,Not the account it came into all green.,Not the account it came into all हरा.,Not the account it came into all,green.,हरा.
122,बी ओके डन विथ सोना एंड सोना के बाद हमने,After Beyden Vithal Gold and Gold,After Beyden Vithal Gold and सोना,After Beyden Vithal Gold and,Gold,सोना
123,कोल्ड शावर लिया पहला मग्गा सने डाला बर्फ,Cold Schaver took the first gig sygly ice,Cold Schaver took the प्रथम टाइटगाजी बर्फ,Cold Schaver took the,first gig sygly ice,प्रथम टाइटगाजी बर्फ
124,से भरा हुआ मेरे सर पे लिटरली आई स्क्रीम,Filled my head with pure paper,Filled my head with शुद्ध कागज,Filled my head with,pure paper,शुद्ध कागज
125,एंड द होटल स्टाफ केम टू चेक व्हाट हैज,And The The hotel staff's dad to check his hand.,And The The hotel staff's dad to check his हाथ।,And The The hotel staff's dad to check his,hand.,हाथ।
126,हैपेंड इट वाज गुड आई एम फीलिंग सो लाइट,"It's not as good as it's going to be, so light it's going to be.","It's not as good as it's going to be, so light it's going to हो.","It's not as good as it's going to be, so light it's going to",be.,हो.
127,टुडे सो शिवा सर इज टेलिंग मी अबाउट बायो,So Shiva Siri Telling Mia Today · Global Voices,So शिवा जरी आज मिया बता रहे हैं,So,Shiva Siri Telling Mia Today · Global Voices,शिवा जरी आज मिया बता रहे हैं
128,हैकिंग की माइंड को कैसे हैक करना है सो,How is Haking to kick the mile of Haking so that it's not going to be too late.,How is Haking to kick the mile of Haking so that it's not going to be too देर हो चुकी है.,How is Haking to kick the mile of Haking so that it's not going to be too,late.,देर हो चुकी है.
129,शी सेड कि योर वाइफ इज अनहैप्पी अबाउट,Out of the glass that Yer Waeif Exeter,Out of the glass that वाईटर,Out of the glass that,Yer Waeif Exeter,वाईटर
130,समथिंग एंड दैट इज कॉजिंग यू स्ट्रेस सो,Sanging and Expling U.S. Couching So,Sanging and Expling U.S. Couching So ,Sanging and Expling U.S. Couching So,,
131,शी इज आस्किंग थाईलैंड का अब घुमाने लेके,Let's take a walk now.,Let's take a अब चलो.,Let's take a,walk now.,अब चलो.
132,जा रहे हो ट यू आर सेइंग लेटर लेटर लेटर,Post-To-Error Leater,Post-To-Error Leater ,Post-To-Error Leater,,
133,डोंट से लेटर गिव हर अ फेक डेट लाइक नवंबर,Donant Give every throw-on-a-tower screen November,Donant Give every throw-on-a-tower screen November ,Donant Give every throw-on-a-tower screen November,,
134,थर्ड सो दैट द सर्किट इज क्लोज्ड या एंड,Third Sols de Circuit Ilared or More,Third Sols de Circuit Ilared or More ,Third Sols de Circuit Ilared or More,,
135,ऑन नवंबर च द डेट एज मेनी टाइम्स एज मेनी,On November of the date Aquin Times Age,On November of the तारीख एवेस्ट टाइम्स टाइम्स (m),On November of the,date Aquin Times Age,तारीख एवेस्ट टाइम्स टाइम्स (m)
136,टाइम्स एज वेरी गुड हैक फॉर ऑल द हस्बैंड,Times Age Wearri Good morning For All The Hushland,Times Age Wearri Good morning For All The हुशलैंडusa. kgm,Times Age Wearri Good morning For All The,Hushland,हुशलैंडusa. kgm
137,एंड ऑल द बॉयफ्रेंड एंड व्हेन नवंबर थर्ड,"And All The Grand and Our Grand Plan, November 1st.","And All The Grand and Our महान योजना, नवंबर 1st.",And All The Grand and Our,"Grand Plan, November 1st.","महान योजना, नवंबर 1st."
138,कम्स गिव अनदर डेट सो दिस वे शी विल नॉट,At least Give Anand SoBWWWt,At कम से कम विस्तार और सोबुप,At,least Give Anand SoBWWWt,कम से कम विस्तार और सोबुप
139,बी मैड एंड इनसाइड योर हेड यू हैव क्लोज द,B Mand and Inside Yoar Head Head Yuvz de H.,B Mand and यू. एस.,B Mand and,Inside Yoar Head Head Yuvz de H.,यू. एस.
140,लू इफ यू से लेटर देन इट विल बी स्टिल,LILGE from U.S.A.A. It's Will Be Steffen,LILGE from U.S.A.A. It's Will Be स्टीफनusa. kgm,LILGE from U.S.A.A. It's Will Be,Steffen,स्टीफनusa. kgm
141,पेंडिंग इन योर हेड इट विल कॉज यू स्ट्रेस,Pending Inge Head It Will Kochus,Pending Inge Head It Will कोचस,Pending Inge Head It Will,Kochus,कोचस
142,लाइक दिस यू कल कीप  ओपनिंग यस सय हैव,LycsC URL tomorrow Openings,LycsC URL tomorrow Openings ,LycsC URL tomorrow Openings,,
143,टू क्लोज एवरी ओपनिंग एंड वन द डेट कम्स,TMZ ABZ Opening and Forest The date lesss,TMZ ABZ Opening and Forest The तारीख कम,TMZ ABZ Opening and Forest The,date lesss,तारीख कम
144,यू शिफ्ट इट इन ग कैलेंडर गुड सर थैंक यू,"Let's say it's it in your big day. Good thank you, sir.","Let's say it's it in your अच्छा दिन है. धन्यवाद, सर.",Let's say it's it in your,"big day. Good thank you, sir.","अच्छा दिन है. धन्यवाद, सर."
145,सो मच एवरी बडी इज गिविंग यू सो मच,So the incident was that Anna Bedi Gypsingi was a so - called Sojourne,So the incident was that Anna Bedi Gypsingi was a so - सोत्करोन बुलाया गया,So the incident was that Anna Bedi Gypsingi was a so,- called Sojourne,- सोत्करोन बुलाया गया
146,ब्लेसिंग कसम से बहुत भयंकर रिलैक्स हो,Blessing's oath is very horrible.,Blessing's oath is very भयानक।,Blessing's oath is very,horrible.,भयानक।
147,गया मैंने फर्स्ट टाइम ट्राई किया ये आइस,I've won the full time I've run this ice,I've won the full time I've run this बर्फ,I've won the full time I've run this,ice,बर्फ
148,वाला वाला एंड सर इ गिविंग मी सम न्यू,Waller and Sir Welga Miqi,Waller and सर वेगा मिजेName,Waller and,Sir Welga Miqi,सर वेगा मिजेName
149,थिंग टू ट्राई बिफोर आई स्लीप ही टोल्ड मी,Thing to Transluner I arrived in Told m,Thing to Transluner I arrived in Told m ,Thing to Transluner I arrived in Told m,,
150,वन मोर थिंग दैट द वर्कआउट द हैवी वर्कआउट,The forest Morting Workout The Workout Work Workout,The forest Morting Workout The काम से बाहर,The forest Morting Workout The,Workout Work Workout,काम से बाहर
151,इ कॉजिंग मी अ लट ऑफ स्ट्रेस चेंज माय,El Cogeing Miet of Leots Change May,El Cogeing Miet of सिंहों का परिवर्तन मई,El Cogeing Miet of,Leots Change May,सिंहों का परिवर्तन मई
152,ट्रेनिंग स्टाइल एंड टेल मी सम एकस,Training Style and Twal Mie · Global Voices,Training Style and ट्विंश,Training Style and,Twal Mie · Global Voices,ट्विंश
153,इट कल डिनर एंड दोनों सर दे आर लुकिंग एट,It's yesterday dinner and both sire R. Watching at once.,It's yesterday dinner and both sire R. Watching at एक बार.,It's yesterday dinner and both sire R. Watching at,once.,एक बार.
154,सब,All,All ,All,,
155,वैल्यूज मेरी कुछ रिपोर्ट्स आई है आज,"Well, he's got some of my reports here today.","Well, he's got some of my reports here आज.","Well, he's got some of my reports here",today.,आज.
156,कितना साल जिऊा वो कैलकुलेट कर र है जस्ट,"How old he's been, he's taking his cell!","How old he's been, he's taking his कक्ष!","How old he's been, he's taking his",cell!,कक्ष!
157,केम बैक टू माय रूम थोड़ा सा मुझे डर लग,Start back toy room I'm afraid.,Start back toy room I'm afraid. ,Start back toy room I'm afraid.,,
158,रहा है यू नो वई ये टीवी मैं ऐसा छोड़ के,No. I'm leaving this TV.,No. I'm leaving this टीवी.,No. I'm leaving this,TV.,टीवी.
159,नहीं गया था रूम में ये टीवी ऐसा किसने कर,Who did this TV in the room?,Who did this TV in the कमरा?,Who did this TV in the,room?,कमरा?
160,दिया और ये गिरी हुई है य मैं तो नहीं,"Has it fallen, or am I not?","Has it fallen, or am I नहीं?","Has it fallen, or am I",not?,नहीं?
161,करके गया था मेरे रूम में कौन आया भाई डर,Who came in my room fearing the brother?,Who came in my room fearing the भाई?,Who came in my room fearing the,brother?,भाई?
162,लग रहा,Looks,Looks ,Looks,,
163,है,is,is ,is,,
164,ये डरावना सही अंतर लगा दिया उन्होने मेरे,They started to divide these terrible things to me.,They started to divide these terrible things to मुझे.,They started to divide these terrible things to,me.,मुझे.
165,ऊपर जदा को डरावना नहीं है स्लीप साइकिल,The bed bicycle isn't scary up.,The bed bicycle isn't डर लग रहा है.,The bed bicycle isn't,scary up.,डर लग रहा है.
166,मेजर करने के लिए कि मेरी स्लीप बसे मेरी,Major to live my bed,Major to live my केला,Major to live my,bed,केला
167,टेस्ट में आई है मेरी स्लीप क्वालिटी बहुत,"I've had a test, my sleep quality too","I've had a test, my sleep quality too ","I've had a test, my sleep quality too",,
168,ही भाईया लेवल की ू भी कहती रहती है,"It's also true that Brother Yu, of the level level, stays at home.","It's also true that Brother Yu, of the level level, stays at घर।","It's also true that Brother Yu, of the level level, stays at",home.,घर।
169,क्योंकि भाई हम लोग दिल्ली से धुए में,Because we're a brother in Delhi.,Because we're a brother in दिल्ली.,Because we're a brother in,Delhi.,दिल्ली.
170,जीने की आदत है तो वन मेजर फैक्टर इज दैट,The forest Major Factor Eclipse is used to live,The forest Major Factor Eclipse is used to जीवित,The forest Major Factor Eclipse is used to,live,जीवित
171,एंड अदर मेजर फैक्टर मैं शायद रात को जिम,And Andrew Major Factor I might Jim at night,And Andrew Major Factor I might Jim at रात्रि,And Andrew Major Factor I might Jim at,night,रात्रि
172,करता हूं  बजे घर आता हूं मे भी ट्स,"I'll come home at noon, too.",I'll come home at दोपहर भी.,I'll come home at,"noon, too.",दोपहर भी.
173,व् बॉडी में स्ट्रेस बढ़ता है उस समय और,And at that time and at the time that the body grows,And at that time and at the time that the शरीर बढ़ता है,And at that time and at the time that the,body grows,शरीर बढ़ता है
174,स्लीप में अच्छे से नहीं हो पाती कोई नहीं,The sleep doesn't last for the best,The sleep doesn't last for the सर्वोत्तम,The sleep doesn't last for the,best,सर्वोत्तम
175,मशीन लगा द है मेरे को सबसे ज्यादा डर लग,The machine is the best I'm afraid,The machine is the सबसे अच्छा मैं डर रहा हूँ,The machine is the,best I'm afraid,सबसे अच्छा मैं डर रहा हूँ
176,रहा था ये नाक में डलर ना ये ये तार अंदर,These wires in the nose.,These wires in the नाक.,These wires in the,nose.,नाक.
177,घुसी हुई है मेरे को नाक मेरी बहुत,"It's all going into the open. No, it's my nose!","It's all going into the open. No, it's my नाक!","It's all going into the open. No, it's my",nose!,नाक!
178,सेंसिटिव है कोविड टेस्ट मेरी फटती थी बट,Sensitive KVed test was my bursting-up,Sensitive KVed test was my फट रहा है,Sensitive KVed test was my,bursting-up,फट रहा है
179,एनीवेज लरहा बम लगा के सो ने डे गुड,Erry Leaming bomb hit the De Good night.,Erry Leaming bomb hit the शुभ रात्रि.,Erry Leaming bomb hit the,De Good night.,शुभ रात्रि.
180,मॉर्निंग वेलकम बैक टू द बलग ये यंत्र,Morning Welck back to The Chag,Morning Welck back to The किचन,Morning Welck back to The,Chag,किचन
181,उतारते अपना लगाया था कहां प आ गया तो,"Which then came down, when it came?","Which then came down, when it आया?","Which then came down, when it",came?,आया?
182,उसने कहा था ल प्रेस रेड लाइट आएगी नहीं आ,She said I won't come the tea Press Red Light,She said I won't come the चाय दबाएँ लाल प्रकाश,She said I won't come the,tea Press Red Light,चाय दबाएँ लाल प्रकाश
183,रही फर्स्ट हा ओके ओके सो अर्ली मॉर्निंग,"It's okay, so Early morning.","It's okay, so जल्दी सुबह.","It's okay, so",Early morning.,जल्दी सुबह.
184,ल वी चेक आवर वाटल्स एंड बल प्रेशर एव डे,LIV ARRCH VAV AVAV Vttles and Power Pressure Mie,LIV ARRCH VAV AVAV Vttles and पॉवर का दबाव डॉ.,LIV ARRCH VAV AVAV Vttles and,Power Pressure Mie,पॉवर का दबाव डॉ.
185,एंड देन वी डू थ मिनट्स ऑफ आइस वाटर जिंजर,And John V. D. D. D. D.,And डी.,And,John V. D. D. D. D.,डी.
186,टी कैन वी स्टार्ट,T Cain V Start,T कैन वी प्रारंभ,T,Cain V Start,कैन वी प्रारंभ
187,दिस डालते  सेकंड के अंदर भयंकर समय,Fearful time within seconds,Fearful time within seconds ,Fearful time within seconds,,
188,भयंकर फील होते आ मतलब जल रहे हैं पैर इस,I mean they're coming up with an awful gel.,I mean they're coming up with an भयानक glemel.,I mean they're coming up with an,awful gel.,भयानक glemel.
189,समय तो नहीं हो रही इंप्रूव बट देखते हैं,Time doesn't seem to be running out.,Time doesn't seem to be बाहर चल रहा है.,Time doesn't seem to be,running out.,बाहर चल रहा है.
190,न मिनट करना है हैविंग वन कॉफी एंड सामने,No minute is going to have wild coffee and front.,No minute is going to have wild coffee and सामने.,No minute is going to have wild coffee and,front.,सामने.
191,का व्यू थोड़ा एंजॉय करते थोड़ी चिड़िया,The view is a little bird singing a bit,The view is a little bird singing a बिट,The view is a little bird singing a,bit,बिट
192,िया देखते हैं हमें अभी निकलना है,Leta see us get out right now,Leta see us get out right now ,Leta see us get out right now,,
193,मैक्स टेस्ट के लिए ट्रेडमिल प होता है,Comes business match for Max tests.,Comes business match for अधिकतम जाँच.,Comes business match for,Max tests.,अधिकतम जाँच.
194,हार्ट का कुछ चेक करते हैं व बोलता सबसे,Some Check the Heart and Speak the Most,Some Check the Heart and Speak the Most ,Some Check the Heart and Speak the Most,,
195,इंपोर्टेंट टेस्ट है यहां का वो तो देखते,The event is testing here. They see.,The event is testing here. They देखो.,The event is testing here. They,see.,देखो.
196,हैं पास हो पाते बहुत लोग फि जाते हैं,There's a lot of people getting closer,There's a lot of लोग निकट जा रहे हैं,There's a lot of,people getting closer,लोग निकट जा रहे हैं
197,संगीत,Music,Music ,Music,,
198,उसम,Kim,Kim ,Kim,,
199,संगीत,Music,Music ,Music,,
